product_id,category,base_price,base_rating,return_propensity
PROD001,Beauty,1999,2.9,0.2839073000818308
PROD002,Books,4999,3.5,0.07999247474540086
PROD003,Home & Lifestyle,1999,3.9,0.26242177333881367
PROD004,Books,499,4.2,0.331565812704725
PROD005,Fashion,1299,2.9,0.14127267288786133
PROD006,Books,1299,2.6,0.20743239807751673
PROD007,Fashion,1299,4.7,0.11983140212909127
PROD008,Home & Lifestyle,1299,3.7,0.22772437065861273
PROD009,Home & Lifestyle,1999,3.9,0.10115723710618746
PROD010,Fashion,1299,4.7,0.21898646535366179
PROD011,Fashion,299,2.5,0.1192681476866447
PROD012,Beauty,4999,4.1,0.2329989973347863
PROD013,Home & Lifestyle,2999,3.4,0.10467082633641869
PROD014,Beauty,499,3.5,0.11238249886045665
PROD015,Beauty,2999,2.6,0.30268543237849954
PROD016,Beauty,499,3.4,0.3279976597381382
PROD017,Beauty,299,4.7,0.3033601546034454
PROD018,Books,499,3.7,0.22602534969915444
PROD019,Electronics,1299,3.9,0.13279975460676302
PROD020,Books,4999,2.9,0.05469092202235818
